Workbook

Sheet Inputs
A1: USA26046 Cenovus Lima — Vac Charge Furnace (PR-170029) change-order inputs
A2: Blue = input. Yellow = needs Cory's call before submission.
A4: Input | B4: Value | C4: Source
A5: Equipment rate ($/hr) | B5: 800 | C5: Cory Walker 2026-10-12: $19,200 per 24 hrs / 24
A6: Personnel rate ($/hr) | B6: 210.42 | C6: Cory Walker 2026-10-12: $2,525 per 12-hr shift / 12, rounded
A7: Per diem ($/shift) | B7: 450 | C7: Cory Walker 2026-10-12
A8: Hours per shift | B8: 12 | C8: Standard 12-hr shift
A9: Quoted hours for per-diem basis | B9: 110 | C9: Cory Walker 2026-10-12 ('quoted 110 hours or 9.166 shifts'). DSP26013 quotes the Vac at 134 hrs — confirm which
A10: Alt. stand-by equipment rate ($/hr) | B10: 700 | C10: DSP26013 rate sheet: pumper stand-by $400 + support $30 + press $245 + truck $25
A11: Combined hourly ($/hr) | B11: =B5+B6 -> 1010.42 | C11: Equipment + personnel

Sheet Stand-by Detail
A1: Vac stand-by by service receipt (all booked as plant down time)
A3: Receipt | B3: Shift | C3: Stand-by hrs | D3: Cause (from the receipt)
A4: 7077 | B4: Night 2026-09-19 | C4: 7 | D4: Plant down time waiting on Trimax 6 to be spotted in the unit (spotted 18:00)
A5: 7078 | B5: Day 2026-09-20 | C5: 12 | D5: 12" radiant-outlet launchers not yet installed by plant
A6: 7079 | B6: Night 2026-09-20 | C6: 10 | D6: 12" radiant-outlet launchers still outstanding
A7: 7080 | B7: Day 2026-09-21 | C7: 12 | D7: Waiting for fitters to install the 12" launchers
A8: 7081 | B8: Night 2026-09-21 | C8: 8 | D8: Waiting on the same 12" launchers (installed 02:00)
A9: 7091 | B9: Night 2026-09-26 | C9: 3 | D9: Waiting for fitters to move the 12" launchers to passes 5, 7, 8
A10: Total | C10: =SUM(C4:C9) -> 52 | D10: Source: PR-170029 Field Notes, receipts 7077-7081, 7091

Sheet Vac Change Orders
A1: Vac Charge Furnace (PR-170029) — change orders and quote comparison
A3: Task | B3: Quoted hrs | C3: Actual hrs | D3: Variance hrs
A4: Rig-in | B4: 6 | C4: 14 | D4: =C4-B4 -> 8 | E4: Quoted: DSP26013 Vac line (134 hrs). Actual: receipts 7077-7100, PR-170029 Final Hours.
A5: Pig (decoke) | B5: 66 | C5: 63 | D5: =C5-B5 -> -3
A6: Smart pig | B6: 38 | C6: 74 | D6: =C6-B6 -> 36
A7: Rig-over | B7: 18 | C7: 8 | D7: =C7-B7 -> -10
A8: Rig-out | B8: 6 | C8: 36.5 | D8: =C8-B8 -> 30.5
A9: Stand-by | B9: 0 | C9: ='Stand-by Detail'!C10 -> 52 | D9: =C9-B9 -> 52
A10: Total | B10: =SUM(B4:B9) -> 134 | C10: =SUM(C4:C9) -> 247.5 | D10: =SUM(D4:D9) -> 113.5
A12: Line | B12: Hours | C12: Equipment | D12: Personnel | E12: Per diem | F12: Total
A13: CO-1 Stand-by (plant-caused) | B13: =C9 -> 52 | C13: =B13*Inputs!$B$5 -> 41600 | D13: =B13*Inputs!$B$6 -> 10941.84 | E13: =B13/Inputs!$B$8*Inputs!$B$7 -> 1950 | F13: =SUM(C13:E13) -> 54491.84 | G13: Per diem allocated by the CO's own hours (hrs / 12 x $450)
A14: CO-2 Smart pigging over quote | B14: =D6 -> 36 | C14: =B14*Inputs!$B$5 -> 28800 | D14: =B14*Inputs!$B$6 -> 7575.12 | E14: =B14/Inputs!$B$8*Inputs!$B$7 -> 1350 | F14: =SUM(C14:E14) -> 37725.12
A15: Change orders total | B15: =SUM(B13:B14) -> 88 | C15: =SUM(C13:C14) -> 70400 | D15: =SUM(D13:D14) -> 18516.96 | E15: =SUM(E13:E14) -> 3300 | F15: =SUM(F13:F14) -> 92216.96
A17: Decoking time saved vs quote | B17: Hours | C17: Equipment | D17: Personnel | E17: Per diem | F17: Total
A18: Pig (decoke) under quote | B18: =-D5 -> 3 | C18: =B18*Inputs!$B$5 -> 2400 | D18: =B18*Inputs!$B$6 -> 631.26 | E18: =B18/Inputs!$B$8*Inputs!$B$7 -> 112.5 | F18: =SUM(C18:E18) -> 3143.76
A19: Rig-over under quote | B19: =-D7 -> 10 | C19: =B19*Inputs!$B$5 -> 8000 | D19: =B19*Inputs!$B$6 -> 2104.2 | E19: =B19/Inputs!$B$8*Inputs!$B$7 -> 375 | F19: =SUM(C19:E19) -> 10479.2
A20: Savings total | B20: =SUM(B18:B19) -> 13 | C20: =SUM(C18:C19) -> 10400 | D20: =SUM(D18:D19) -> 2735.46 | E20: =SUM(E18:E19) -> 487.5 | F20: =SUM(F18:F19) -> 13622.96
A22: Not covered by either CO | B22: Hours | C22: Equipment | D22: Personnel | E22: Per diem | F22: Total
A23: Rig-in + rig-out over quote | B23: =D4+D8 -> 38.5 | C23: =B23*Inputs!$B$5 -> 30800 | D23: =B23*Inputs!$B$6 -> 8101.17 | E23: =B23/Inputs!$B$8*Inputs!$B$7 -> 1443.75 | F23: =SUM(C23:E23) -> 40344.92 | G23: Inlet-piping/launcher delays and both filter presses cleaned at rig-out. Decide: price it, or leave it out.
A25: Checks and alternatives | B25: Value
A26: Productive hrs reconcile (quote + COs + uncovered − savings) | B26: =B10-B9+D6+B23-B20 -> 195.5 | C26: =IF(ABS(B26-(C10-C9))<0.01,"OK = actual productive","MISMATCH") -> OK = actual productive
A27: CO-1 equipment at rate-sheet stand-by ($700/hr) | B27: =C9*Inputs!$B$10 -> 36400 | C27: =C13-B27 -> 5200 | D27: difference vs $800 basis
A28: Per diem over quote, whole job (Cory's basis) | B28: =MAX(0,C10-Inputs!$B$9)/Inputs!$B$8*Inputs!$B$7 -> 5156.25 | C28: Basis: (247.5 shift hrs − quoted hrs) / 12 x $450; use instead of the per-CO per diem, not as well as

Sheet Crude Smart Pig
A1: Crude Furnace (PR-170028) — quoted vs actual, smart pig breakout
A3: Task | B3: Quoted hrs | C3: Actual hrs | D3: Variance hrs
A4: Rig-in | B4: 6 | C4: 12 | D4: =C4-B4 -> 6
A5: Pig (decoke) | B5: 90 | C5: 118 | D5: =C5-B5 -> 28
A6: Smart pig | B6: 15 | C6: 38.25 | D6: =C6-B6 -> 23.25
A7: Rig-over | B7: 20 | C7: 11.75 | D7: =C7-B7 -> -8.25
A8: Rig-out | B8: 6 | C8: 12 | D8: =C8-B8 -> 6
A9: Stand-by | B9: 0 | C9: 0 | D9: =C9-B9 -> 0
A10: Total | B10: =SUM(B4:B9) -> 137 | C10: =SUM(C4:C9) -> 192 | D10: =SUM(D4:D9) -> 55
A12: Line | B12: Hours | C12: Equipment | D12: Personnel | E12: Per diem | F12: Total
A13: Smart pigging over quote | B13: =D6 -> 23.25 | C13: =B13*Inputs!$B$5 -> 18600 | D13: =B13*Inputs!$B$6 -> 4892.265 | E13: =B13/Inputs!$B$8*Inputs!$B$7 -> 871.875 | F13: =SUM(C13:E13) -> 24364.14
A15: Source: PR-170028 Task Durations (re-split by the receipt summaries' clock times). No receipt records stand-by or a delayed start on the Crude. No smart-pig vendor is named; third-party services written 0.
